x,y1,y2,y3,y4
-20,-45.29234,-15999.796,99.52958,899.8275
-19.9,-44.36496,-15761.017,99.89567,893.4274
-19.8,-44.565968,-15524.681,98.85578,887.16046
-19.7,-44.76245,-15290.5,98.1261,881.4487
-19.6,-44.188698,-15058.586,97.511475,875.37726
-19.5,-44.325283,-14829.747,97.89807,869.4099
-19.4,-44.25751,-14602.485,96.85988,863.8766
-19.3,-43.125065,-14378.414,96.852066,857.5563
-19.2,-43.14248,-14155.929,95.52498,851.42163
-19.1,-43.300583,-13935.392,95.96843,845.65063
-19,-42.875423,-13718.042,95.377365,839.93085
-18.9,-42.94328,-13502.642,94.743195,834.3143
-18.8,-42.340214,-13289.002,94.043816,828.2413
-18.7,-42.112392,-13078.37,93.623535,823.1283
-18.6,-41.990173,-12869.967,92.95969,816.8228
-18.5,-41.772976,-12663.32,92.20281,811.35956
-18.4,-41.32246,-12459.056,92.36537,805.2177
-18.3,-41.247326,-12256.788,91.11789,799.8028
-18.2,-41.05463,-12057.295,90.653404,794.1718
-18.1,-41.39409,-11859.699,90.907425,788.5623
-18,-41.33695,-11663.903,89.84142,782.85504
-17.9,-40.717873,-11470.728,89.92756,777.8969
-17.8,-40.46489,-11279.917,89.39797,772.06604
-17.7,-40.174564,-11090.439,88.88937,766.6588
-17.6,-40.409603,-10904.015,87.90862,761.10486
-17.5,-39.546944,-10718.343,87.29848,756.1839
-17.4,-39.38404,-10536.112,87.07872,750.6001
-17.3,-40.079357,-10354.985,86.707054,745.4498
-17.2,-38.904865,-10176.984,86.35679,739.514
-17.1,-38.765858,-10000.822,85.93742,734.445
-17,-38.72946,-9826.456,85.08967,728.78735
-16.9,-38.7408,-9653.323,84.800354,724.08606
-16.8,-38.565224,-9483.553,83.587814,718.7637
-16.7,-38.278473,-9315.004,83.543915,713.2938
-16.6,-38.00296,-9148.764,83.408485,708.361
-16.5,-37.50441,-8983.898,82.39564,703.38153
-16.4,-38.129,-8821.426,81.78814,697.5423
-16.3,-37.820213,-8661.155,81.05207,692.7168
-16.2,-36.94235,-8502.721,80.97514,687.73334
-16.1,-36.82691,-8346.716,80.24257,681.71045
-16,-36.883045,-8191.72,80.09404,676.71484
-15.9,-36.49973,-8039.184,79.855865,671.59357
-15.8,-36.1569,-7888.509,79.40431,666.5939
-15.7,-36.655327,-7739.3813,78.49408,661.57605
-15.6,-35.787064,-7592.5693,78.21933,656.54767
-15.5,-35.64769,-7448.235,77.76323,651.27344
-15.4,-35.501133,-7304.5635,76.51474,645.78485
-15.3,-35.11005,-7163.4517,76.079445,641.36304
-15.2,-35.019688,-7023.5977,75.94827,636.0277
-15.1,-35.49745,-6886.3247,75.87151,631.23975
-15,-35.039158,-6749.7734,75.17947,625.71234
-14.9,-34.33332,-6616.3203,74.645874,621.11096
-14.8,-34.182953,-6483.172,73.7852,615.9381
-14.7,-34.71442,-6353.193,73.19189,610.7793
-14.6,-34.129642,-6224.6826,73.23799,605.3818
-14.5,-33.578342,-6096.908,72.31666,600.5974
-14.4,-33.75277,-5972.2485,71.55761,595.92737
-14.3,-33.435658,-5848.832,71.72888,591.1279
-14.2,-32.981686,-5726.2417,70.76621,585.6857
-14.1,-33.24181,-5606.4214,70.17679,581.0774
-14,-33.29416,-5487.769,70.22683,575.8053
-13.9,-32.72805,-5371.6816,69.43574,571.13666
-13.8,-32.526947,-5255.821,68.60188,566.3959
-13.7,-32.45094,-5142.795,68.74255,561.03595
-13.6,-31.849997,-5030.4355,68.35372,556.2663
-13.5,-32.244804,-4920.703,67.73159,551.54333
-13.4,-31.957684,-4812.3184,66.925995,546.6632
-13.3,-31.222588,-4705.697,66.205765,542.0325
-13.2,-31.700188,-4600.0312,66.42424,537.823
-13.1,-31.349499,-4495.9175,65.013306,533.14484
-13,-31.181704,-4393.7085,65.486694,527.66205
-12.9,-31.103903,-4292.896,64.773705,523.65027
-12.8,-30.668179,-4194.0903,64.3549,518.6388
-12.7,-29.952919,-4096.727,63.940884,514.0796
-12.6,-30.39532,-4000.2625,63.262947,509.94046
-12.5,-29.5142,-3906.2222,62.453575,505.04733
-12.4,-29.426748,-3812.7644,61.962837,501.2644
-12.3,-29.499407,-3722.2283,61.43507,495.91702
-12.2,-29.719887,-3631.6328,60.530895,492.35406
-12.1,-29.37747,-3543.248,60.653362,487.40894
-12,-29.18442,-3455.66,59.83143,482.74817
-11.9,-28.35507,-3369.889,59.422935,478.74515
-11.8,-28.5415,-3286.0764,58.90017,474.29782
-11.7,-28.620937,-3203.0173,58.77393,469.8487
-11.6,-27.965359,-3121.6853,58.452114,466.29666
-11.5,-27.928535,-3041.9167,57.537796,461.28894
-11.4,-27.381987,-2963.3708,56.527687,457.33078
-11.3,-27.10486,-2886.1584,56.374172,452.9461
-11.2,-27.284037,-2809.9658,55.841515,449.727
-11.1,-26.855562,-2735.4565,55.33141,445.3952
-11,-27.453278,-2661.6118,55.396618,441.09314
-10.9,-26.821499,-2589.6045,54.65072,437.2136
-10.8,-26.899527,-2519.7737,53.540127,432.6608
-10.7,-26.291126,-2450.486,53.910507,428.3286
-10.6,-26.351233,-2381.5671,52.991592,425.08804
-10.5,-25.930012,-2315.3784,52.836918,421.0459
-10.4,-25.301222,-2249.5078,52.01544,416.84232
-10.3,-25.463093,-2185.3489,51.127144,412.27686
-10.2,-24.990276,-2122.7925,51.183815,409.21976
-10.1,-25.503315,-2060.94,50.134796,404.37924
-10,-24.851206,-2000.0396,49.659405,401.2517
-9.9,-24.702164,-1940.3606,49.725094,397.33252
-9.8,-24.157104,-1882.8137,49.26612,393.39084
-9.7,-24.294022,-1825.1808,48.665127,389.1095
-9.6,-23.978096,-1769.178,48.249104,385.51736
-9.5,-24.403955,-1714.7048,47.173923,381.6363
-9.4,-23.739416,-1661.0466,47.08832,377.22003
-9.3,-23.51287,-1609.0009,46.055157,373.68466
-9.2,-23.457594,-1557.081,45.891514,369.41968
-9.1,-22.82419,-1506.8774,45.35853,365.5292
-9,-23.250015,-1457.9495,44.86046,362.25403
-8.9,-22.979193,-1410.0637,44.96215,358.078
-8.8,-22.581635,-1362.6335,44.49507,354.51575
-8.7,-22.355803,-1316.7395,43.83593,350.81268
-8.6,-21.80114,-1272.2129,43.349945,347.05127
-8.5,-22.071465,-1228.4868,42.919273,342.87488
-8.4,-21.910557,-1185.4872,41.664337,339.1299
-8.3,-21.379179,-1143.1812,41.625027,334.93448
-8.2,-21.356758,-1102.871,41.141727,331.16513
-8.1,-21.401426,-1063.0354,40.059364,327.74396
-8,-21.461487,-1023.6224,40.15521,323.84955
-7.9,-20.898449,-985.6917,39.32289,320.795
-7.8,-20.5294,-948.73663,39.31796,316.90247
-7.7,-20.108995,-913.39795,38.01448,312.72977
-7.6,-20.344944,-878.3278,37.705296,309.80865
-7.5,-20.01338,-843.5431,37.831043,306.20615
-7.4,-19.561605,-810.19165,37.36343,302.7397
-7.3,-19.84066,-778.2001,36.14477,298.97855
-7.2,-19.861658,-746.52734,35.915516,294.9478
-7.1,-19.164177,-715.97656,35.246586,291.56128
-7,-18.745348,-686.4398,35.31472,287.97073
-6.9,-18.519957,-657.1047,34.205383,284.56793
-6.8,-18.428278,-628.507,34.136917,281.56018
-6.7,-18.283491,-601.99036,33.466427,277.79922
-6.6,-17.808064,-574.5598,32.562786,274.38644
-6.5,-17.668598,-549.1299,32.161034,271.48666
-6.4,-17.332897,-524.6146,32.0861,267.66428
-6.3,-17.587029,-500.01044,31.023125,264.91492
-6.2,-17.133448,-476.29895,30.955866,261.81393
-6.1,-17.111599,-454.24484,30.685806,258.70935
-6,-16.632729,-432.37982,30.254631,255.36746
-5.9,-16.35276,-410.41965,29.53175,251.7448
-5.8,-16.27668,-390.27924,28.858963,248.9464
-5.7,-16.608498,-370.76096,28.35223,245.3014
-5.6,-16.58828,-351.0543,28.44613,242.4654
-5.5,-16.28027,-332.4832,27.884605,239.36969
-5.4,-15.737358,-314.451,27.314518,236.75578
-5.3,-15.898668,-297.86957,26.213373,233.25972
-5.2,-15.86095,-280.97955,25.789522,230.21254
-5.1,-15.007691,-265.17535,25.18831,227.73811
-5,-15.12756,-250.05403,24.552788,224.68227
-4.9,-15.227466,-235.74138,24.14946,221.48009
-4.8,-14.721899,-221.40178,23.51951,219.1643
-4.7,-14.155615,-207.51126,23.3152,216.14648
-4.6,-14.646346,-194.87524,23.096115,213.72603
-4.5,-14.28783,-182.07802,22.315088,210.5222
-4.4,-14.112999,-169.98657,21.924675,207.52342
-4.3,-13.347662,-158.73898,21.929445,204.64954
-4.2,-13.297342,-148.4044,21.254705,202.03592
-4.1,-13.164119,-137.4187,20.232267,198.8871
-4,-12.981314,-128.0457,19.562326,196.7542
-3.9,-12.675683,-118.27168,19.7422,193.98283
-3.8,-12.192795,-110.14063,18.625784,191.19397
-3.7,-12.550931,-101.09655,18.989902,188.13258
-3.6,-12.457998,-93.368004,17.6399,185.38982
-3.5,-12.359129,-86.148186,17.509214,182.70741
-3.4,-12.184886,-78.296814,17.305346,180.06299
-3.3,-11.351111,-71.7599,16.831747,178.35887
-3.2,-11.182367,-65.57432,16.064396,174.9699
-3.1,-10.884745,-59.903828,15.326105,172.29813
-3,-11.132773,-54.498898,15.181301,170.17853
-2.9,-11.094109,-48.545578,14.938964,167.8512
-2.8,-10.706893,-43.959026,14.113911,164.98068
-2.7,-10.310346,-39.237312,13.730729,161.71675
-2.6,-10.487161,-34.966625,12.908285,159.30449
-2.5,-10.179159,-30.918287,12.951821,156.77803
-2.4,-10.293268,-27.21212,11.641983,154.76001
-2.3,-9.322355,-24.15594,11.695067,152.2337
-2.2,-9.338931,-21.444782,10.760074,149.2638
-2.1,-9.351798,-18.731234,10.977718,146.56465
-2,-8.642757,-16.440636,9.766602,144.69261
-1.9,-8.7870865,-13.23044,9.786685,142.39015
-1.8,-8.6536875,-12.035927,8.723444,139.39069
-1.7,-8.845174,-9.53772,8.922908,137.40887
-1.6,-8.024246,-8.246859,7.775065,134.93274
-1.5,-7.6622705,-6.4678082,7.762756,132.09932
-1.4,-7.451262,-5.473793,6.917714,129.6215
-1.3,-8.073073,-4.3034263,6.599638,127.494446
-1.2,-7.624807,-3.116682,5.922185,124.88389
-1.1,-6.8627706,-2.7443602,5.405366,122.26654
-1,-6.6626935,-1.8646985,5.3396773,119.959915
-0.9,-6.790425,-1.1103085,4.7034745,118.3658
-0.8,-6.4544077,-0.96097934,3.6320505,116.19847
-0.7,-6.8813953,-0.91693103,3.8590372,114.07122
-0.6,-5.8156366,-0.3730414,2.6553535,111.85515
-0.5,-5.5358205,0.037469175,2.7583456,109.4502
-0.4,-5.660374,-0.40952796,2.153987,106.83505
-0.3,-5.976617,-0.18005289,1.7940962,105.18857
-0.2,-5.3598294,0.3414899,1.4268377,103.23432
-0.1,-5.0876603,0.31490213,0.47525218,101.10627
2.84E-13,-5.395151,-0.36569896,-0.30759788,99.451324
0.1,-5.0035744,0.23298572,0.044192348,96.77262
0.2,-4.5314617,0.008048699,0.695064,95.33676
0.3,-4.799989,-0.26855776,1.4535967,93.550896
0.4,-4.130924,-0.057782587,1.6458466,91.62058
0.5,-3.855581,0.46880114,2.2125382,89.561775
0.6,-4.253161,0.57635,3.0363755,87.64919
0.7,-3.8017764,0.7784867,3.393124,86.11241
0.8,-3.6237519,0.924296,3.967675,83.90473
0.9,-3.1150203,1.8347155,4.2844553,81.69504
1,-3.3270984,2.2275715,5.3001056,80.869064
1.1,-3.2414699,2.9358952,5.1446733,78.98122
1.2,-2.8857257,3.6926925,5.5963025,77.291245
1.3,-2.6049383,4.146453,6.657604,74.93844
1.4,-2.5625372,5.2969403,7.0161843,74.11666
1.5,-1.6917788,6.270676,7.0683856,72.47835
1.6,-1.4653761,7.901032,8.464811,71.05614
1.7,-1.9975591,9.986517,8.163912,68.79605
1.8,-1.2800585,11.652556,9.056147,67.7839
1.9,-0.91203475,13.469578,9.720741,65.836205
2,-1.2120949,15.697641,10.476602,64.29998
2.1,-1.1034707,18.595478,10.80886,62.850765
2.2,-0.8140547,21.77481,11.381393,61.783012
2.3,-0.33190203,24.23826,11.946233,60.0893
2.4,0.09188771,27.971361,12.018673,58.252556
2.5,-0.16814248,31.696903,12.648813,57.43387
2.6,0.034154933,35.344273,13.430304,55.49318
2.7,0.11438007,39.603973,13.349541,53.799175
2.8,0.3421652,43.96778,13.952687,53.044525
2.9,0.5486801,48.621254,14.033558,51.5061
3,0.77308625,53.568745,14.958849,49.627136
3.1,1.5301938,59.76511,15.06092,48.97242
3.2,1.7722063,65.86679,15.695335,46.765446
3.3,1.5790944,71.71022,16.45906,45.470486
3.4,2.0347533,78.81827,16.519588,44.546036
3.5,2.1669905,85.403915,17.974937,43.00807
3.6,2.6904821,92.84224,17.502026,42.340942
3.7,2.3906581,100.86964,18.11371,40.2084
3.8,2.100779,109.36287,19.403967,39.209606
3.9,2.8729568,118.35969,19.94529,37.60588
4,3.418015,128.42453,19.730625,36.978916
4.1,2.8482835,138.12503,20.910408,35.82829
4.2,2.9537008,147.72116,21.238039,34.552235
4.3,3.6419778,159.08833,21.165085,33.220013
4.4,4.265741,169.94182,21.782143,31.725233
4.5,4.008899,182.58247,22.069466,30.304895
4.6,3.7222936,194.8732,22.68778,29.742687
4.7,4.274098,208.11002,23.267647,28.264437
4.8,5.0618944,221.6016,23.504873,27.154749
4.9,4.752725,235.05336,24.42293,25.773775
5,4.905665,250.3336,25.224699,24.794209
5.1,4.8713007,265.00754,25.655087,23.963673
5.2,5.7165895,281.01184,26.23071,22.072887
5.3,5.103345,297.45468,26.09131,21.961351
5.4,5.736775,315.0401,27.20083,21.001308
5.5,6.377877,333.00378,27.05729,19.52057
5.6,6.5307937,351.46548,27.833447,18.87061
5.7,6.0772567,370.1732,28.593563,17.724815
5.8,6.339171,389.7792,28.52428,16.787708
5.9,6.8272033,411.07748,29.403913,16.056564
6,6.673313,431.69946,30.380116,15.210613
6.1,6.755299,454.10114,30.600937,14.201845
6.2,7.423082,477.02863,31.454123,13.336014
6.3,8.067202,499.68115,31.2491,12.784313
6.4,7.80123,523.9182,31.750387,11.772338
6.5,7.658832,549.0036,32.676838,10.955556
6.6,8.568339,574.4985,32.51542,10.445071
6.7,8.771383,601.7586,33.401024,10.068517
6.8,8.470425,628.7006,34.35043,9.222325
6.9,8.527624,657.28845,34.932636,9.228201
7,9.044036,686.3899,34.754677,8.187652
7.1,8.830833,715.56,35.297585,7.8752565
7.2,9.431941,746.8428,36.422268,7.030091
7.3,9.448816,777.70197,36.671474,6.798119
7.4,9.402386,810.0036,36.6268,5.927882
7.5,9.856429,843.9888,37.264534,6.2560086
7.6,10.406261,878.0819,37.943096,5.7789245
7.7,10.483953,912.82623,38.012424,4.819468
7.8,10.903358,949.1458,38.60413,4.7285256
7.9,10.323647,986.30237,39.930634,4.20937
8,11.236141,1024.2325,40.358112,4.119519
8.1,10.920326,1062.6277,40.66814,3.3694506
8.2,11.796623,1103.0417,40.860924,3.7972562
8.3,11.598334,1143.8048,41.220318,3.4973335
8.4,12.0387945,1185.5217,41.951843,2.5839827
8.5,11.842022,1228.3228,42.152855,2.390747
8.6,12.522043,1272.0402,42.544807,2.2551057
8.7,12.855869,1316.7098,43.987335,2.6373868
8.8,13.009679,1363.3068,43.661743,1.8718067
8.9,13.061979,1410.1509,44.658703,1.610579
9,12.668264,1457.5944,44.908535,1.749655
9.1,13.317889,1506.796,45.001057,2.166051
9.2,13.345668,1557.746,45.805813,1.6625733
9.3,13.506583,1608.8472,46.671005,1.8769232
9.4,13.535542,1660.9835,47.366234,1.0995753
9.5,13.862246,1714.5338,47.56391,0.8855721
9.6,13.964414,1769.4869,48.30456,0.71895754
9.7,14.237361,1825.1898,48.365276,0.80129576
9.8,14.368036,1882.883,49.27811,0.6776254
9.9,15.271646,1940.1332,49.246155,0.6593184
10,15.245541,1999.9031,50.235046,0.9532806
10.1,15.193747,2060.8538,50.790752,1.2285326
10.2,15.326085,2122.732,50.98844,0.2837537
10.3,15.681278,2185.603,51.413197,0.6681263
10.4,16.055222,2249.835,51.77788,1.2150499
10.5,15.516224,2315.5847,52.517487,0.60221493
10.6,15.9585705,2382.3892,53.25238,0.6214623
10.7,16.856203,2450.374,53.41953,0.72492594
10.8,16.630577,2519.2944,54.252342,0.60344225
10.9,16.631283,2589.6921,54.276386,0.4716834
11,16.940863,2662.1104,54.68714,0.5516239
11.1,17.357515,2735.2817,55.57471,1.535253
11.2,17.113403,2809.6313,56.443607,1.7269373
11.3,17.639929,2885.613,56.123325,1.27288
11.4,18.28821,2962.6758,56.594975,1.4601041
11.5,17.838253,3041.5444,57.94431,2.1505957
11.6,17.915905,3121.807,57.864426,2.4530191
11.7,18.884508,3203.6877,58.487362,2.4473364
11.8,18.396336,3285.5837,59.009537,2.8112354
11.9,18.624561,3369.9924,59.503086,2.4392986
12,19.027494,3456.2346,60.412907,3.431336
12.1,19.39343,3543.3584,60.566902,3.5065122
12.2,19.568026,3631.3481,61.05232,3.6626382
12.3,19.230003,3721.4985,61.940945,4.7884665
12.4,20.15367,3813.3696,62.485855,4.9654484
12.5,20.25169,3905.9768,62.97045,5.1394124
12.6,19.717548,4000.7922,62.5022,5.4382243
12.7,20.673906,4096.5547,63.87355,5.9373064
12.8,21.09865,4194.766,63.993107,6.806631
12.9,20.5579,4292.91,64.42855,7.667781
13,20.598501,4393.5957,65.3833,8.324691
13.1,20.712814,4496.047,65.00611,8.68141
13.2,21.850136,4599.9927,65.80682,9.059501
13.3,21.546925,4705.719,66.07462,10.4398365
13.4,22.004425,4811.896,67.03218,11.291765
13.5,22.498127,4921.089,67.28333,11.440074
13.6,22.567713,5031.2188,68.048485,12.193721
13.7,21.934498,5143.2036,68.0316,12.987708
13.8,22.283297,5256.625,69.2234,14.4890375
13.9,22.754929,5371.4136,69.368256,14.515507
14,22.586683,5487.677,70.12506,16.345198
14.1,23.44767,5606.473,70.82975,16.979795
14.2,23.670996,5726.212,70.88342,17.738539
14.3,23.925362,5848.667,71.3628,18.209484
14.4,23.807688,5971.5186,72.07946,19.49972
14.5,23.52467,6097.648,72.73531,20.328037
14.6,24.591185,6224.29,73.0586,21.331665
14.7,24.896029,6353.248,73.81486,23.094545
14.8,24.577204,6483.6387,74.22524,23.546997
14.9,24.722559,6615.523,74.009895,24.920847
15,24.871653,6749.6826,75.430214,25.807438
15.1,24.905693,6886.1353,75.22872,26.659164
15.2,25.614841,7023.5864,76.1867,27.913784
15.3,25.335499,7163.1313,76.49628,28.791384
15.4,26.281654,7304.923,76.74465,29.937378
15.5,26.333672,7447.8027,77.82526,30.751514
15.6,26.046892,7592.612,78.04847,32.130257
15.7,26.455336,7740.23,78.02457,33.21023
15.8,26.368628,7888.967,79.47276,34.59991
15.9,27.15283,8039.2373,79.86095,35.866
16,27.129084,8191.616,79.8729,37.21782
16.1,26.751871,8346.723,80.76296,37.681404
16.2,27.36485,8502.828,80.804825,38.905994
16.3,27.477352,8661.496,81.41493,40.210957
16.4,28.295033,8821.42,82.44391,41.60834
16.5,28.441545,8984.257,82.51089,43.015625
16.6,27.706556,9148.443,83.18286,43.751213
16.7,28.750156,9314.479,83.30909,45.461464
16.8,28.70776,9483.183,84.30296,46.493694
16.9,28.504154,9653.318,84.44001,47.531292
17,28.578192,9826.228,84.63577,49.401424
17.1,29.446218,10000.62,85.30306,50.120823
17.2,29.518734,10176.584,86.214966,51.566555
17.3,29.337793,10355.69,86.75623,53.56638
17.4,29.559355,10536.49,87.33917,54.964657
17.5,30.382164,10718.677,87.65341,56.241364
17.6,29.750975,10904.044,87.617615,57.525143
17.7,30.73722,11090.118,88.87676,59.094006
17.8,30.661835,11279.324,89.19227,60.50199
17.9,30.847145,11470.894,89.2391,61.595287
18,31.090006,11663.734,90.0789,63.641296
18.1,31.40743,11859.015,90.0714,64.614426
18.2,31.137447,12056.959,90.97422,66.67435
18.3,31.376091,12256.522,91.5396,68.44134
18.4,32.177235,12458.709,92.14657,69.571884
18.5,32.397163,12663.301,92.87676,71.29373
18.6,32.125023,12869.295,92.57208,72.54649
18.7,32.265812,13078.676,93.251274,74.93135
18.8,32.883892,13289.322,93.718636,75.997505
18.9,33.100853,13502.5,94.034256,78.684395
19,32.779934,13718.116,94.960846,79.53923
19.1,33.43027,13935.828,95.57979,81.42586
19.2,32.966526,14155.423,95.83025,83.5419
19.3,33.485565,14377.99,96.24772,85.2605
19.4,34.072723,14602.365,97.15841,87.965195
19.5,34.15051,14829.701,97.719,89.044914
19.6,33.875698,15058.578,98.09285,91.52288
19.7,33.952816,15291.142,98.50072,93.63963
19.8,34.51727,15524.978,99.343155,95.835785
19.9,34.63903,15761.66,99.192604,97.69748
=======,,,,
-20,-1.2484317,7999.5684,800.00616,-7599.578
-19.9,-0.43193787,7880.8604,792.258,-7484.833
-19.8,-0.39401698,7762.471,784.1513,-7370.614
-19.7,-1.3280147,7645.832,775.8123,-7257.3843
-19.6,-0.6485785,7529.4395,768.28564,-7145.592
-19.5,-0.48129416,7414.965,760.1956,-7034.754
-19.4,-0.9362377,7300.9116,752.33026,-6925.4233
-19.3,-0.5324824,7188.9507,745.1888,-6816.993
-19.2,-0.9737219,7077.861,737.7582,-6709.5996
-19.1,-0.9816949,6968.294,729.2189,-6602.876
-19,-1.1095492,6859.1772,721.94476,-6498.494
-18.9,-1.1523664,6751.265,714.1916,-6394.0366
-18.8,-1.412118,6644.9688,707.3265,-6290.816
-18.7,-1.4121236,6539.4053,698.9919,-6189.7173
-18.6,-0.895603,6434.88,692.0502,-6088.6665
-18.5,-1.1445841,6331.9297,684.1649,-5989.7983
-18.4,-1.339499,6229.16,676.7872,-5891.049
-18.3,-0.6137255,6128.8325,670.2252,-5793.118
-18.2,-0.7318659,6028.568,662.73553,-5696.9077
-18.1,-0.8254175,5930.2295,655.4246,-5602.3403
-18,-1.1472028,5832.3833,648.2214,-5508.406
-17.9,-0.41027343,5735.1235,641.31757,-5415.334
-17.8,-0.7341963,5640.054,634.0529,-5323.232
-17.7,-0.50254726,5545.0225,626.15753,-5232.4336
-17.6,-0.9880997,5451.8037,619.05273,-5142.043
-17.5,-0.56624025,5359.399,612.2091,-5053.4746
-17.4,-0.7934179,5268.039,605.1855,-4964.816
-17.3,-0.33695006,5177.9956,598.5597,-4878.085
-17.2,-0.58432,5088.731,592.04443,-4792.9097
-17.1,-0.4528871,4999.8535,584.42773,-4707.5635
-17,-0.8126546,4912.9995,577.9003,-4623.6978
-16.9,-0.43915325,4827.1914,570.85895,-4541.4453
-16.8,-0.65642816,4741.781,564.92145,-4459.214
-16.7,-0.7397713,4657.5435,557.67944,-4378.4434
-16.6,-0.67614436,4574.3003,551.0443,-4298.955
-16.5,-0.49668676,4491.95,544.6427,-4219.4434
-16.4,-0.0969439,4410.9883,537.5809,-4142.395
-16.3,-0.7416149,4330.631,531.1477,-4064.9268
-16.2,-0.06578901,4251.771,525.0712,-3989.4976
-16.1,0.12841651,4173.708,518.8356,-3914.3694
-16,-0.27311742,4095.5764,511.80933,-3840.1694
-15.9,-0.5051066,4019.9568,505.353,-3767.0173
-15.8,0.100322865,3944.5615,499.68274,-3694.6875
-15.7,0.4225484,3869.5583,492.87424,-3623.2659
-15.6,-0.22405876,3796.1287,486.5239,-3553.5476
-15.5,-0.058048718,3724.3132,480.68268,-3483.1304
-15.4,-0.18241906,3652.5703,473.8239,-3414.7725
-15.3,0.526253,3581.402,467.89526,-3347.1873
-15.2,0.11728127,3511.6648,462.21298,-3280.9072
-15.1,0.72738683,3443.3962,455.85873,-3215.2427
-15,0.299715,3374.6526,449.66006,-3149.7683
-14.9,0.5188375,3307.9802,443.5418,-3085.9463
-14.8,0.5863223,3241.8916,438.20425,-3022.904
-14.7,0.53880835,3176.8164,432.48083,-2959.9648
-14.6,0.5718109,3111.6912,426.52142,-2899.2905
-14.5,0.74995327,3048.2515,420.26614,-2838.111
-14.4,0.21930493,2986.1384,414.95383,-2778.9958
-14.3,0.2914294,2924.256,408.86505,-2720.0005
-14.2,1.1244749,2863.1865,403.07477,-2661.177
-14.1,0.9839948,2802.7966,397.37402,-2604.4207
-14,1.1828598,2744.1787,391.86267,-2548.2761
-13.9,0.59467405,2685.5557,386.55304,-2491.933
-13.8,0.68387425,2628.3862,380.88315,-2437.7937
-13.7,1.2303762,2571.4822,375.81738,-2383.2031
-13.6,1.3554441,2515.2576,370.21616,-2330.2966
-13.5,0.42803633,2460.443,364.4415,-2278.3281
-13.4,0.8927328,2406.0708,359.0833,-2226.2664
-13.3,0.78812325,2352.4053,353.78574,-2175.93
-13.2,1.2918032,2300.1387,348.81055,-2126.0872
-13.1,1.3671927,2248.0608,343.36316,-2076.0466
-13,1.105475,2197.0889,338.00357,-2027.7028
-12.9,1.2499803,2146.3035,332.4969,-1980.7052
-12.8,0.64646935,2097.4463,327.3733,-1933.1958
-12.7,1.1767384,2048.619,323.04495,-1887.173
-12.6,1.2820804,2000.3005,317.78543,-1841.6047
-12.5,1.4380413,1953.465,312.59805,-1796.9796
-12.4,1.4918253,1907.0668,307.76288,-1752.9008
-12.3,1.1960632,1861.0487,302.5638,-1709.0933
-12.2,0.93116397,1815.6077,297.62372,-1667.2451
-12.1,1.336025,1771.0952,292.9732,-1625.614
-12,1.1496652,1728.4066,288.3466,-1584.3561
-11.9,1.2944928,1684.9568,283.6613,-1543.8248
-11.8,0.96122795,1643.2164,278.07538,-1504.0216
-11.7,0.9464745,1601.639,274.15805,-1465.1433
-11.6,1.1416533,1561.1445,268.8706,-1426.5287
-11.5,0.77313876,1520.4476,264.97366,-1389.1118
-11.4,1.1758866,1481.6102,259.8696,-1351.7312
-11.3,0.38533214,1443.0728,255.25627,-1315.3368
-11.2,1.1134396,1404.9523,250.65181,-1279.6454
-11.1,0.77170235,1367.3312,246.5774,-1243.9941
-11,0.6921618,1331.216,242.20584,-1210.2825
-10.9,0.27467114,1295.2268,237.39632,-1176.6915
-10.8,1.0926036,1259.3152,232.97758,-1142.6942
-10.7,0.52310306,1225.2457,228.5512,-1110.2552
-10.6,0.64566237,1191.3309,224.58406,-1079.0195
-10.5,0.8350834,1158.0416,220.45364,-1047.2396
-10.4,0.5053,1124.658,216.03148,-1016.77966
-10.3,0.8823789,1093.0967,212.15063,-986.993
-10.2,0.38776192,1061.0795,207.69017,-956.8563
-10.1,0.35908636,1030.5944,204.37836,-928.3639
-10,0.10003957,1000.11304,199.51224,-900.2664
-9.9,0.31348372,970.4541,196.43636,-872.1404
-9.8,0.09305339,940.93915,192.24442,-845.2843
-9.7,0.4122018,912.9842,188.08525,-818.8348
-9.6,0.06520107,884.865,184.17014,-793.07056
-9.5,0.29403642,857.04846,180.09836,-767.2509
-9.4,-0.26533052,830.70966,176.64102,-741.94006
-9.3,-0.30412114,804.7135,173.01599,-717.87726
-9.2,-0.22853741,778.4328,169.72961,-694.4685
-9.1,-0.45940828,753.3185,165.20168,-670.94135
-9,-0.19720252,728.88324,162.27966,-648.1833
-8.9,-0.31023368,705.1354,158.10175,-625.5165
-8.8,-0.45405862,681.3241,155.01454,-603.66614
-8.7,-0.17082669,658.30975,151.2609,-582.6702
-8.6,-0.25011915,636.19946,148.25352,-561.9496
-8.5,-0.38754037,614.05475,144.67546,-541.57086
-8.4,-0.6324232,592.9359,140.96713,-522.3574
-8.3,-0.2446377,572.2836,137.62143,-502.78265
-8.2,-0.1398603,551.3581,134.84903,-484.4129
-8.1,-0.29483765,530.99365,130.75014,-466.18948
-8,-0.85332465,512.0579,128.1099,-447.6493
-7.9,-0.8136522,492.92462,124.543076,-431.0111
-7.8,-0.976743,475.04346,122.067635,-413.86758
-7.7,-0.7737951,456.7339,118.92102,-397.66074
-7.6,-0.8498643,439.10205,115.70244,-381.48322
-7.5,-1.0812184,421.7504,112.90254,-365.5998
-7.4,-0.7235748,404.7437,109.030334,-350.47433
-7.3,-1.079877,389.0899,106.304634,-335.5648
-7.2,-0.96731627,373.64508,104.1161,-320.922
-7.1,-0.48575127,358.03983,100.35564,-307.56317
-7,-1.1817609,342.7693,97.88859,-293.60123
-6.9,-0.6527474,328.70407,94.81864,-280.6441
-6.8,-0.75267184,313.96536,92.72845,-268.6261
-6.7,-1.3396684,300.97455,89.29436,-255.96208
-6.6,-1.4592927,287.31717,87.581764,-244.17575
-6.5,-1.1281427,275.04694,84.19228,-232.23758
-6.4,-0.7614963,262.39066,82.07789,-220.78285
-6.3,-1.3465167,249.75581,79.02958,-210.42476
-6.2,-1.0851021,238.31218,77.24873,-200.03062
-6.1,-1.0360731,227.44196,74.45111,-189.52257
-6,-1.4623588,215.56902,71.96803,-180.4439
-5.9,-0.776123,205.1477,69.909004,-170.18367
-5.8,-0.53356075,195.49084,67.67972,-161.25586
-5.7,-0.79985726,185.24814,64.76435,-152.94678
-5.6,-0.45716658,175.12898,63.138466,-143.9867
-5.5,-0.90738744,166.71185,60.201572,-136.56905
-5.4,-0.6730925,157.10994,58.724216,-128.72832
-5.3,-1.1751572,148.90112,56.46145,-121.020996
-5.2,-0.88325155,141.05016,54.553852,-113.59057
-5.1,-1.1345612,132.85617,52.201187,-106.73235
-5,-1.1719666,124.53136,50.29417,-99.893936
-4.9,-0.67091465,117.170364,47.855835,-93.19658
-4.8,-0.8114415,111.089005,46.53761,-87.83141
-4.7,-0.60787386,103.68186,43.834255,-81.660095
-4.6,-0.40756735,97.29475,42.181946,-75.95035
-4.5,-0.6317001,91.268074,40.75913,-70.47026
-4.4,-0.4493041,84.949,38.82039,-65.51442
-4.3,-0.65375084,79.13778,36.624355,-60.81653
-4.2,-0.17968637,73.90579,35.006172,-56.210236
-4.1,-0.56115836,68.960205,33.779385,-52.305386
-4,-0.17798296,63.934578,32.44919,-48.49095
-3.9,-0.5706087,59.474674,30.836279,-44.21982
-3.8,-0.24419163,55.094345,29.349688,-40.59197
-3.7,-0.5564551,50.933655,27.630793,-36.634464
-3.6,-0.24236092,46.891384,25.626741,-33.959232
-3.5,-0.3745931,42.574764,24.82308,-30.399145
-3.4,0.2038959,39.602066,23.308659,-27.442656
-3.3,0.003049155,35.753277,22.043867,-25.403326
-3.2,0.18678197,32.3909,20.56921,-22.657923
-3.1,0.38253188,29.529924,19.16024,-20.006601
-3,0.4882151,27.200264,17.834888,-18.090288
-2.9,-0.12675743,24.013653,16.342466,-15.871804
-2.8,0.020579819,22.321674,16.132795,-13.734035
-2.7,-0.22580847,19.297546,14.968126,-12.143858
-2.6,-0.16245674,17.824354,13.486042,-10.655184
-2.5,0.37661245,15.3058405,12.618816,-9.306808
-2.4,0.67368823,14.318465,11.933932,-7.770075
-2.3,0.81163013,12.007784,10.189316,-6.7867346
-2.2,0.83867216,10.966549,9.784523,-5.980745
-2.1,0.1144362,9.134043,8.424338,-4.6532784
-2,0.33210695,7.9521313,8.01264,-4.484196
-1.9,0.09109106,6.8484206,7.049813,-3.1019497
-1.8,0.7500703,5.958109,6.857897,-2.6498725
-1.7,0.94427305,4.584349,5.642912,-2.3390431
-1.6,0.22962712,4.398402,5.3502707,-1.44133
-1.5,0.34309486,2.9756863,4.8305035,-0.8725276
-1.4,0.8391827,2.546499,3.4327726,-0.91155964
-1.3,0.9627724,1.9816387,3.4151587,-0.5138532
-1.2,0.99538696,1.2859484,3.3482182,0.19451533
-1.1,1.0275179,1.3335308,2.176777,0.21567793
-1,0.78981,0.84817505,1.909503,-0.33278292
-0.9,1.1294501,0.33486786,1.7267975,0.4167849
-0.8,0.71008503,0.4918178,1.5482978,0.019991545
-0.7,0.5869607,0.8308529,1.3151375,0.5622234
-0.6,0.5293878,0.4441479,1.1754836,0.62627554
-0.5,0.72382474,-0.2521474,0.24463588,0.26193595
-0.4,1.2372278,0.28242096,0.10872058,0.5432071
-0.3,1.273687,0.054857068,0.37354812,-0.39300117
-0.2,0.56794465,-0.46932375,-0.32574567,0.2138846
-0.1,0.5756274,-0.3469301,-0.44364774,0.21200792
2.84E-13,1.1283168,0.38068765,0.25325245,-0.34769085
0.1,0.56713,-0.30809262,-0.00412393,-0.402486
0.2,0.84171903,0.35905975,0.5652951,-0.16853037
0.3,0.83945096,-0.2349235,0.37548867,-0.34797472
0.4,0.48111948,0.010760857,-0.1703826,0.65928775
0.5,1.1526564,-0.23649701,0.5546583,0.7118797
0.6,0.52831954,-0.58483595,0.6638189,0.28426433
0.7,0.9642836,0.15694675,0.76789784,0.47450602
0.8,0.85870063,-0.9082742,1.3347135,1.4663768
0.9,0.55082923,-1.1539013,2.0269694,1.6737312
1,1.1270719,-0.83609337,1.5644996,1.6663555
1.1,0.58279973,-1.3890284,2.8669314,3.0118337
1.2,0.4789962,-1.7308413,2.4113643,3.2644331
1.3,0.89002484,-2.4684265,3.2732015,4.027157
1.4,1.0567778,-2.3630536,3.717544,4.540531
1.5,0.6789272,-3.5523677,4.1362,5.212543
1.6,1.0698109,-3.631773,5.4282393,7.1265554
1.7,1.107609,-4.761641,6.1114426,8.140158
1.8,0.85407037,-5.5290575,6.067261,9.100354
1.9,0.18362018,-6.9117603,7.1070275,10.203647
2,0.43892816,-8.432008,7.9235463,11.79861
2.1,0.27863348,-9.684073,8.539175,14.001981
2.2,0.06421342,-10.56982,9.182981,15.320308
2.3,0.8078776,-11.891853,10.52264,17.924543
2.4,0.3354464,-13.780455,11.519349,19.332573
2.5,0.72786015,-15.2459545,12.72823,21.81963
2.6,0.21394192,-17.806288,13.789547,24.060005
2.7,-0.21307975,-19.260725,14.5168085,26.716145
2.8,0.49716935,-22.075403,15.895323,30.075373
2.9,0.08501534,-24.594496,16.581615,33.030937
3,0.04662078,-27.052258,18.414701,36.317432
3.1,-0.07711559,-29.683708,19.530458,38.96101
3.2,-0.25729328,-33.170227,20.195852,43.33136
3.3,-0.36077294,-35.579975,21.84977,46.575935
3.4,-0.53515035,-39.68127,22.823639,50.679688
3.5,-0.6097842,-42.85369,24.591604,54.64433
3.6,-0.5073981,-46.69939,25.879385,59.181286
3.7,-0.38192227,-50.625008,27.119385,64.759834
3.8,0.16836987,-55.011295,28.385567,68.83773
3.9,0.021684153,-59.317734,29.925653,74.4629
4,-0.82387185,-64.34141,31.575636,79.85359
4.1,-0.4708627,-68.66749,33.19414,85.32884
4.2,-0.6582661,-74.477,35.20933,91.9227
4.3,-0.22081071,-79.557846,36.513996,98.2233
4.4,-0.46293616,-85.532036,38.616837,104.949295
4.5,-0.2081293,-91.15265,40.13255,111.76418
4.6,-0.5095901,-97.39008,42.115334,118.104034
4.7,-1.0045809,-104.00376,44.079304,125.7751
4.8,-0.835163,-110.85508,46.157036,133.95479
4.9,-1.2400217,-117.61152,48.307972,141.9215
5,-0.4866541,-124.51539,49.901146,149.75914
5.1,-0.79955924,-133.09235,52.351086,158.83696
5.2,-0.36956185,-140.5648,53.647285,167.2018
5.3,-0.95536506,-148.39455,55.766323,177.00113
5.4,-0.42171952,-157.02173,58.51338,186.25983
5.5,-0.8838259,-166.5973,60.82731,196.83209
5.6,-0.6317712,-175.64516,62.233807,207.45442
5.7,-1.2593974,-184.82632,64.52894,218.14844
5.8,-0.88282025,-194.83305,67.432106,229.2471
5.9,-0.9563794,-205.40564,69.82078,239.84926
6,-1.0615219,-215.92622,72.124245,251.7479
6.1,-0.6372809,-227.06535,74.519905,263.75372
6.2,-1.2632635,-238.6058,77.18276,277.2583
6.3,-1.1363666,-250.12468,79.310295,290.0273
6.4,-1.0880156,-262.3174,82.17658,303.012
6.5,-0.98579586,-274.64908,84.57336,316.98456
6.6,-0.89657176,-287.9337,87.29234,331.3491
6.7,-0.5548492,-300.37418,90.03472,345.34006
6.8,-0.67786306,-314.9125,92.7171,360.7109
6.9,-0.5220063,-328.2623,94.88772,375.9356
7,-0.9882917,-342.67813,97.93497,391.75455
7.1,-1.1423998,-357.78146,101.30941,408.03656
7.2,-0.9660976,-373.14005,103.994156,425.54932
7.3,-0.95221615,-389.03616,106.75737,441.84842
7.4,-0.83753777,-404.9621,109.52127,459.57367
7.5,-1.2101544,-422.27255,112.43051,478.5009
7.6,-0.6165478,-438.95087,115.98655,496.81287
7.7,-0.63641906,-456.99347,118.28031,516.31573
7.8,-1.2097417,-474.57608,121.48839,535.269
7.9,-1.0662533,-493.33936,125.31294,555.37274
8,-1.0981197,-512.4686,127.57948,575.8995
8.1,-0.8821775,-531.0901,131.34666,597.4549
8.2,-0.35405505,-551.6509,134.25798,618.5983
8.3,-0.7169631,-571.8054,137.65378,640.29474
8.4,-0.8280726,-592.31006,140.86638,663.24524
8.5,-0.058370307,-613.9544,144.70317,686.5432
8.6,-0.6926859,-635.66125,148.33382,709.54816
8.7,-0.49933407,-658.90247,151.54845,734.52637
8.8,-0.7947422,-681.10016,154.57549,758.8029
8.9,0.098778516,-705.24713,158.46411,784.6234
9,0.10402228,-729.3309,162.21751,810.02167
9.1,-0.33868155,-753.5971,166.00581,836.1198
9.2,-0.4738983,-778.6346,169.32172,862.8667
9.3,-0.4069437,-804.2204,172.59236,890.8986
9.4,-0.06561991,-830.91455,176.33777,919.0539
9.5,0.5204523,-857.6876,180.52333,947.2078
9.6,0.43193704,-884.87897,184.80891,976.60236
9.7,0.4725826,-912.88916,188.38062,1006.5132
9.8,-0.137012,-941.1027,192.31741,1037.4342
9.9,0.14022833,-970.46783,196.37239,1068.4349
10,0.25316545,-999.66547,200.39096,1099.8844
10.1,0.73713404,-1030.3887,204.36685,1132.5852
10.2,0.541037,-1061.6091,208.50993,1165.0725
10.3,0.22884132,-1092.973,211.99542,1198.4124
10.4,0.6424845,-1124.5593,216.57849,1233.0376
10.5,0.5707589,-1157.5573,220.15544,1267.7773
10.6,0.61968106,-1190.8696,224.75188,1303.4683
10.7,0.3145509,-1224.8678,229.20708,1339.6233
10.8,0.21608464,-1259.7933,233.77425,1376.372
10.9,1.124681,-1294.6235,237.67882,1413.4915
11,0.3949147,-1330.866,242.12224,1451.854
11.1,1.1512866,-1367.7177,246.59235,1490.7065
11.2,0.2896734,-1404.5114,250.54346,1530.5598
11.3,1.305913,-1442.5457,255.25566,1570.0875
11.4,0.9166936,-1481.2097,259.6488,1611.5316
11.5,0.7632143,-1521.0764,264.73737,1652.6771
11.6,0.66624,-1560.5981,269.52542,1695.1816
11.7,0.59982,-1602.096,273.70358,1738.6635
11.8,0.48836777,-1642.7463,278.32956,1781.8062
11.9,1.1823727,-1684.7932,283.19037,1826.6157
12,1.4307904,-1728.0062,288.38702,1871.7316
12.1,0.8829065,-1771.2462,292.5702,1917.8303
12.2,0.8312716,-1815.5062,297.6028,1964.9766
12.3,1.29006,-1860.5483,302.79016,2012.2618
12.4,1.2837479,-1906.5415,307.06512,2060.7788
12.5,1.3642988,-1953.5436,312.5445,2109.1812
12.6,1.0336614,-2000.069,317.62534,2159.096
12.7,1.004512,-2047.9034,322.38422,2209.3557
12.8,0.6103006,-2097.2527,327.95877,2261.3257
12.9,1.1182332,-2146.2393,332.35242,2312.8237
13,0.9505386,-2196.9446,338.3186,2366.4512
13.1,1.2654095,-2247.8186,342.91537,2419.4907
13.2,0.96119595,-2300.4358,348.03564,2473.8943
13.3,0.54094934,-2352.363,353.52444,2529.2336
13.4,1.2173883,-2405.9883,359.14035,2585.3289
13.5,1.168913,-2460.3203,364.7729,2642.67
13.6,1.3418394,-2515.3938,370.20035,2700.7473
13.7,0.53090024,-2571.4294,375.164,2759.0095
13.8,0.6179023,-2628.14,380.8284,2818.7183
13.9,1.1763119,-2685.8884,386.37024,2879.0845
14,0.29542732,-2744.3394,392.36154,2939.636
14.1,0.9742847,-2803.348,397.2469,3001.85
14.2,0.35395902,-2863.2334,403.40884,3065.1052
14.3,0.5517761,-2924.0073,409.05338,3128.5151
14.4,0.5832992,-2985.8408,414.68668,3193.3997
14.5,0.81490356,-3048.681,420.37415,3258.64
14.6,0.34588775,-3112.6082,426.1506,3325.2656
14.7,0.67204165,-3176.8955,432.36804,3392.7466
14.8,0.77689564,-3241.552,438.18307,3460.9824
14.9,0.53513485,-3307.9888,443.9336,3529.7563
15,0.4576908,-3375.0454,450.34058,3600.253
15.1,0.7282958,-3442.4592,456.37076,3670.4912
15.2,0.46935973,-3511.5342,462.40952,3742.5994
15.3,0.033895582,-3581.1453,468.3227,3815.9482
15.4,0.22837053,-3651.7915,474.40616,3889.3108
15.5,0.46045175,-3724.237,480.85995,3964.351
15.6,-0.1303604,-3796.4146,486.75113,4039.6995
15.7,-0.031334724,-3869.881,493.43112,4116.2783
15.8,-0.016535256,-3944.0574,498.90747,4193.673
15.9,-0.54290473,-4019.9558,506.11435,4272.816
16,0.089833826,-4096.101,511.87134,4352.1416
16.1,-0.12501234,-4172.834,518.8577,4432.168
16.2,0.1601384,-4251.738,524.9491,4513.851
16.3,-0.50177056,-4330.2485,531.0666,4596.839
16.4,-0.7400402,-4410.457,537.885,4679.485
16.5,0.061654013,-4492.4346,544.89453,4764.4434
16.6,0.03592715,-4574.665,550.9626,4850.1445
16.7,0.01556116,-4657.6245,557.89734,4936.747
16.8,-0.19686691,-4741.6797,564.48303,5024.171
16.9,-0.3656616,-4826.818,571.2541,5112.2446
17,-0.6182736,-4912.7173,578.25433,5202.4263
17.1,-0.27897206,-5000.016,585.1836,5292.1743
17.2,-0.20480806,-5088.3247,591.98553,5384.7554
17.3,-0.52218235,-5177.4707,599.0418,5476.91
17.4,-0.8278721,-5268.4995,605.1683,5570.745
17.5,-1.1241993,-5359.673,612.73956,5665.832
17.6,-0.90064037,-5451.8,619.5035,5761.283
17.7,-0.35947657,-5544.981,626.581,5858.4688
17.8,-1.008607,-5639.8374,634.1788,5956.5283
17.9,-1.134358,-5735.301,641.0173,6056.1963
18,-0.8508567,-5832.113,647.833,6155.843
18.1,-1.0687671,-5929.8105,655.5405,6257.448
18.2,-0.8801692,-6028.388,662.93744,6359.8203
18.3,-1.106386,-6128.5747,669.7529,6463.7764
18.4,-1.0191602,-6229.3003,677.2036,6568.481
18.5,-0.9211195,-6331.7656,684.79346,6673.7036
18.6,-1.230351,-6434.5083,692.4192,6780.759
18.7,-0.91823345,-6539.5757,699.62115,6888.821
18.8,-0.5627669,-6645.0464,707.30884,6997.679
18.9,-0.91674024,-6751.2866,714.5289,7108.178
19,-0.7152908,-6858.522,722.4689,7219.748
19.1,-0.5498376,-6968.287,729.2677,7332.2896
19.2,-1.3990296,-7078.2627,737.25354,7446.3833
19.3,-1.1544108,-7189.4424,745.2896,7561.289
19.4,-0.60578966,-7300.9995,752.2475,7677.5894
19.5,-1.201909,-7415.3223,760.72046,7794.922
19.6,-0.53382146,-7529.9917,768.7868,7913.433
19.7,-0.48000026,-7644.8843,776.31525,8033.8
19.8,-0.9406762,-7762.675,783.80865,8154.687
19.9,-0.50645536,-7881.0195,791.9788,8276.337
